sheet,category,itemCode,barcode,labeling,hsCode,description,shortCode,packSize,unit,priceUSD,notes
USD,"Detachable Manual Roller (Head part is detachable, handle is autoclavable)",GRFS025,8809392230512,FB025SR,9018.90.9080,"Manual Detachable Roller with changeable heads, Handle is autoclavable",0.25mm Needles,1 pcs,Box,8,
USD,"Detachable Manual Roller (Head part is detachable, handle is autoclavable)",GRFS050,8809392230529,FB050SR,9018.90.9080,"Manual Detachable Roller with changeable heads, Handle is autoclavable",0.50mm Needles,1 pcs,Box,8,
USD,"Detachable Manual Roller (Head part is detachable, handle is autoclavable)",GRFS100,8809392230536,FB100SR,9018.90.9080,"Manual Detachable Roller with changeable heads, Handle is autoclavable",1.0mm Needles,1 pcs,Box,8,
USD,"Detachable Manual Roller (Head part is detachable, handle is autoclavable)",GRFS150,8809392230543,FB150SR,9018.90.9080,"Manual Detachable Roller with changeable heads, Handle is autoclavable",1.5mm Needles,1 pcs,Box,8,
USD,"Detachable Manual Roller (Head part is detachable, handle is autoclavable)",GRFS200,8809392230550,FB200SR,9018.90.9080,"Manual Detachable Roller with changeable heads, Handle is autoclavable",2.0mm Needles,1 pcs,Box,8,
USD,"Detachable Manual Roller (Head part is detachable, handle is autoclavable)",GRFN025,8809392230758,FB025NR,9018.90.9080,"Manual Narrow Detachable Roller with changeable heads, Handle is autoclavable (NO STOCK, HAVE TO BE ORDERED IN ADVANCE)",0.25mm Needles,1 pcs,Box,8,
USD,"Detachable Manual Roller (Head part is detachable, handle is autoclavable)",GRFN050,8809392230765,FB050NR,9018.90.9080,"Manual Narrow Detachable Roller with changeable heads, Handle is autoclavable (NO STOCK, HAVE TO BE ORDERED IN ADVANCE)",0.50mm Needles,1 pcs,Box,8,
USD,"Detachable Manual Roller (Head part is detachable, handle is autoclavable)",GRFN100,8809392230772,FB100NR,9018.90.9080,"Manual Narrow Detachable Roller with changeable heads, Handle is autoclavable (NO STOCK, HAVE TO BE ORDERED IN ADVANCE)",1.0mm Needles,1 pcs,Box,8,
USD,"Detachable Manual Roller (Head part is detachable, handle is autoclavable)",GRFN150,8809392230789,FB150NR,9018.90.9080,"Manual Narrow Detachable Roller with changeable heads, Handle is autoclavable (NO STOCK, HAVE TO BE ORDERED IN ADVANCE)",1.5mm Needles,1 pcs,Box,8,
USD,"Detachable Manual Roller (Head part is detachable, handle is autoclavable)",GRFN200,8809392230796,FB200NR,9018.90.9080,"Manual Narrow Detachable Roller with changeable heads, Handle is autoclavable (NO STOCK, HAVE TO BE ORDERED IN ADVANCE)",2.0mm Needles,1 pcs,Box,8,
USD,Vibrating Roller & Replacement Heads,GRVS025,8809392230611,RW025SR,9018.90.9080,Vibrating Roller,0.25mm Needles,1 pcs,Box,16,
USD,Vibrating Roller & Replacement Heads,GRVS050,8809392230628,RW050SR,9018.90.9080,Vibrating Roller,0.50mm Needles,1 pcs,Box,16,
USD,Vibrating Roller & Replacement Heads,GRVS100,8809392230635,RW100SR,9018.90.9080,Vibrating Roller,1.0mm Needles,1 pcs,Box,16,
USD,Vibrating Roller & Replacement Heads,GRVS150,8809392230642,RW150SR,9018.90.9080,Vibrating Roller,1.5mm Needles,1 pcs,Box,16,
USD,Vibrating Roller & Replacement Heads,GRVS200,8809392230659,RW200SR,9018.90.9080,Vibrating Roller,2.0mm Needles,1 pcs,Box,16,
USD,Vibrating Roller & Replacement Heads,GRHS025,8809392230666,RWH025SR,9018.90.9080,Standard Replacement Heads,0.25mm Needles,2 pcs,Box,15,
USD,Vibrating Roller & Replacement Heads,GRHS050,8809392230673,RWH050SR,9018.90.9080,Standard Replacement Heads,0.50mm Needles,2 pcs,Box,15,
USD,Vibrating Roller & Replacement Heads,GRHS100,8809392230680,RWH100SR,9018.90.9080,Standard Replacement Heads,1.0mm Needles,2 pcs,Box,15,
USD,Vibrating Roller & Replacement Heads,GRHS150,8809392230697,RWH150SR,9018.90.9080,Standard Replacement Heads,1.5mm Needles,2 pcs,Box,15,
USD,Vibrating Roller & Replacement Heads,GRHS200,8809392230703,RWH200SR,9018.90.9080,Standard Replacement Heads,2.0mm Needles,2 pcs,Box,15,
USD,Vibrating Roller & Replacement Heads,GRHN025,8809392230857,RWH025NR,9018.90.9080,"Narrow Replacement Heads (NO STOCK, HAVE TO BE ORDERED IN ADVANCE)",0.25mm Needles,2 pcs,Box,15,
USD,Vibrating Roller & Replacement Heads,GRHN050,8809392230864,RWH050NR,9018.90.9080,"Narrow Replacement Heads (NO STOCK, HAVE TO BE ORDERED IN ADVANCE)",0.50mm Needles,2 pcs,Box,15,
USD,Vibrating Roller & Replacement Heads,GRHN100,8809392230871,RWH100NR,9018.90.9080,"Narrow Replacement Heads (NO STOCK, HAVE TO BE ORDERED IN ADVANCE)",1.0mm Needles,2 pcs,Box,15,
USD,Vibrating Roller & Replacement Heads,GRHN150,8809392230888,RWH150NR,9018.90.9080,"Narrow Replacement Heads (NO STOCK, HAVE TO BE ORDERED IN ADVANCE)",1.5mm Needles,2 pcs,Box,15,
USD,Vibrating Roller & Replacement Heads,GRHN200,8809392230895,RWH200NR,9018.90.9080,"Narrow Replacement Heads (NO STOCK, HAVE TO BE ORDERED IN ADVANCE)",2.0mm Needles,2 pcs,Box,15,
USD,"GENOSYS Body Roller (detachable head), Stamp, Eye Roller",GRMB025,8809392230383,B025SR,9018.90.9080,Manual Body Roller with TWIN Needle (PLEASE CHECK WITH US IN ADVANCE FOR AVAILABILITY),0.25mm Needles,1 pcs,Box,15,
USD,"GENOSYS Body Roller (detachable head), Stamp, Eye Roller",GRMB050,8809392230390,B050SR,9018.90.9080,Manual Body Roller with TWIN Needle (PLEASE CHECK WITH US IN ADVANCE FOR AVAILABILITY),0.50mm Needles,1 pcs,Box,15,
USD,"GENOSYS Body Roller (detachable head), Stamp, Eye Roller",GRMB100,8809392230406,B100SR,9018.90.9080,Manual Body Roller with TWIN Needle (PLEASE CHECK WITH US IN ADVANCE FOR AVAILABILITY),1.0mm Needles,1 pcs,Box,15,
USD,"GENOSYS Body Roller (detachable head), Stamp, Eye Roller",GRMB150,8809392230413,B150SR,9018.90.9080,Manual Body Roller with TWIN Needle (PLEASE CHECK WITH US IN ADVANCE FOR AVAILABILITY),1.5mm Needles,1 pcs,Box,15,
USD,"GENOSYS Body Roller (detachable head), Stamp, Eye Roller",GRMB200,8809392230420,B200SR,9018.90.9080,Manual Body Roller with TWIN Needle (PLEASE CHECK WITH US IN ADVANCE FOR AVAILABILITY),2.0mm Needles,1 pcs,Box,15,
USD,"GENOSYS Body Roller (detachable head), Stamp, Eye Roller",GRHB025,8809392230437,BH025SR,9018.90.9080,"Body Head(Twin Head) (NO STOCK, HAVE TO BE ORDERED IN ADVANCE)",0.25mm Needles,2 pcs,Box,24,
USD,"GENOSYS Body Roller (detachable head), Stamp, Eye Roller",GRHB050,8809392230444,BH050SR,9018.90.9080,"Body Head(Twin Head) (NO STOCK, HAVE TO BE ORDERED IN ADVANCE)",0.50mm Needles,2 pcs,Box,24,
USD,"GENOSYS Body Roller (detachable head), Stamp, Eye Roller",GRHB100,8809392230451,BH100SR,9018.90.9080,"Body Head(Twin Head) (NO STOCK, HAVE TO BE ORDERED IN ADVANCE)",1.0mm Needles,2 pcs,Box,24,
USD,"GENOSYS Body Roller (detachable head), Stamp, Eye Roller",GRHB150,8809392230468,BH150SR,9018.90.9080,"Body Head(Twin Head) (NO STOCK, HAVE TO BE ORDERED IN ADVANCE)",1.5mm Needles,2 pcs,Box,24,
USD,"GENOSYS Body Roller (detachable head), Stamp, Eye Roller",GRHB200,8809392230475,BH200SR,9018.90.9080,"Body Head(Twin Head) (NO STOCK, HAVE TO BE ORDERED IN ADVANCE)",2.0mm Needles,2 pcs,Box,24,
USD,"GENOSYS Body Roller (detachable head), Stamp, Eye Roller",GRST025,8809392230710,ST025BL,9018.90.9080,Stamp,0.25mm Needles,1 pcs,Box,7,
USD,"GENOSYS Body Roller (detachable head), Stamp, Eye Roller",GRST050,8809392230727,ST050BL,9018.90.9080,Stamp,0.50mm Needles,1 pcs,Box,7,
USD,"GENOSYS Body Roller (detachable head), Stamp, Eye Roller",GRST100,8809392230734,ST100BL,9018.90.9080,Stamp,1.0mm Needles,1 pcs,Box,7,
USD,"GENOSYS Body Roller (detachable head), Stamp, Eye Roller",GRST150,8809392230741,ST150BL,9018.90.9080,Stamp,1.5mm Needles,1 pcs,Box,7,
USD,"GENOSYS Body Roller (detachable head), Stamp, Eye Roller",GRME025,8809392231380,EBT025,9018.90.9080,Eye Roller,0.25mm Needles,2 pcs,Box,7,
USD,"GENOSYS Manual Roller (one-body type, handle is not detachable)",GRMS025,8809392230567,M025SRBL,9018.90.9080,Standard Manual Roller,0.25mm Needles,1 pcs,Box,8,
USD,"GENOSYS Manual Roller (one-body type, handle is not detachable)",GRMS050,8809392230574,M050SRBL,9018.90.9080,Standard Manual Roller,0.50mm Needles,1 pcs,Box,8,
USD,"GENOSYS Manual Roller (one-body type, handle is not detachable)",GRMS100,8809392230581,M100SRBL,9018.90.9080,Standard Manual Roller,1.0mm Needles,1 pcs,Box,8,
USD,"GENOSYS Manual Roller (one-body type, handle is not detachable)",GRMS150,8809392230598,M150SRBL,9018.90.9080,Standard Manual Roller,1.5mm Needles,1 pcs,Box,8,
USD,"GENOSYS Manual Roller (one-body type, handle is not detachable)",GRMS200,8809392230604,M200SRBL,9018.90.9080,Standard Manual Roller,2.0mm Needles,1 pcs,Box,8,
USD,"GENOSYS Manual Roller (one-body type, handle is not detachable)",GRMN025,8809392230802,M025NRBL,9018.90.9080,"Narrow Manual Roller (NO STOCK, HAVE TO BE ORDERED IN ADVANCE)",0.25mm Needles,1 pcs,Box,8,
USD,"GENOSYS Manual Roller (one-body type, handle is not detachable)",GRMN050,8809392230819,M050NRBL,9018.90.9080,"Narrow Manual Roller (NO STOCK, HAVE TO BE ORDERED IN ADVANCE)",0.50mm Needles,1 pcs,Box,8,
USD,"GENOSYS Manual Roller (one-body type, handle is not detachable)",GRMN100,8809392230826,M100NRBL,9018.90.9080,"Narrow Manual Roller (NO STOCK, HAVE TO BE ORDERED IN ADVANCE)",1.0mm Needles,1 pcs,Box,8,
USD,"GENOSYS Manual Roller (one-body type, handle is not detachable)",GRMN150,8809392230833,M150NRBL,9018.90.9080,"Narrow Manual Roller (NO STOCK, HAVE TO BE ORDERED IN ADVANCE)",1.5mm Needles,1 pcs,Box,8,
USD,"GENOSYS Manual Roller (one-body type, handle is not detachable)",GRMN200,8809392230840,M200NRBL,9018.90.9080,"Narrow Manual Roller (NO STOCK, HAVE TO BE ORDERED IN ADVANCE)",2.0mm Needles,1 pcs,Box,8,
USD,GENOSYS Cleanser/Toner,GCMR02,8809975190530,,3304.99.1000,SKIN DEFENDER LIP & EYE MAKEUP REMOVER,DMR,200ml,Pcs,9.9,
USD,GENOSYS Cleanser/Toner,GCCL01,8809205627713,,3304.99.1000,Snow O2 Cleanser,SOC,180ml,Pcs,11,
USD,GENOSYS Cleanser/Toner,GCCL02,8809205630263,,3304.99.1000,Snow O2 Cleanser,,500ml,Pcs,16.3,
USD,GENOSYS Cleanser/Toner,GCCL05,8809849809834,,3304.99.1000,CERABARRIER BIOME GEL CLEANSER (200ml),CGC,200ml,Pcs,7,NEW
USD,GENOSYS Cleanser/Toner,GCCL06,8809849809841,,3304.99.1000,CERABARRIER BIOME GEL CLEANSER (600ml),CGC,600ml,Pcs,10,NEW
USD,GENOSYS Cleanser/Toner,GCTN01,8809205628642,,3304.99.1000,Snow Booster Toner,SBT,200ml,Pcs,7.9,
USD,GENOSYS Cleanser/Toner,GCTN02,8809205630256,,3304.99.1000,Snow Booster Toner,,1000ml,Pcs,12.1,
USD,GENOSYS Cleanser/Toner,GCTN03,8809579274438,,3304.99.1000,Intensive Problem Control Toner,PCT,200ml,Pcs,9.2,
USD,GENOSYS Cleanser/Toner,GCTN04,8809579274483,,3304.99.1000,Intensive Problem Control Toner,,500ml,Pcs,11.9,
USD,MASKS,GCMA01,8809205627355,,3304.99.1000,CO2 FACE MASK KIT,ECM,5 gel + 5 sheets,Box,15.8,
USD,MASKS,GCMA02,8809139499424,,3304.99.1000,PEPTIDE GEL MASK KIT,PGM,5 sheets,Box,12.6,
USD,MASKS,GCMA05,8809392232011,,3304.99.1000,HYDRO COOL MODELING MASK,CMM,1 kg,Pcs,15.8,
USD,MASKS,GCMA09,8809579273974,,3304.99.1000,SOOTHING BOMB SEA ALAGE MASK Eucalace Sheet Mask,SAM,25g sheet x 100pcs,Pcs,90,*this item does not apply for FOC
USD,MASKS,GCMA10,8809579274179,,3304.99.1000,SOOTHING BOMB SEA ALAGE MASK Eucalace Sheet Mask (with outer box),SAM,10pcs,Pcs,9.8,
USD,MASKS,GCMA06,8809392232042,,3304.99.1000,GENOSYS INTENSIVE REPAIR COLLAGEN MASK,ICM,23g sheet,Pcs,0.8,MINIMUM ORDER QUANTITY: 300pcs / DOES NOT APPLY FOR FOC
USD,MASKS,GCMA11,8809639177464,,3304.99.1000,SKIN RESCUE OVERNIGHT CREAM MASK,ROM,100g,Pcs,13,
USD,MASKS,GCMA13,8809575679640,,3304.99.1000,BIO-FERMENT AGE DEFYING POWDER MASK,BPM,300g,Pcs,9.2,
USD,MASKS,GCMA14,8809849807809,,3304.99.1000,SKIN REBOOT PDRN MASK PACK,RPM,350g (30 sheets),pcs,11.5,
USD,GENOSYS Peeling & Solution,GCPE02,8809392231144,,3304.99.1000,SRS PEELING KIT,SRS,2ml x 10 vials,Box,35.4,
USD,GENOSYS Peeling & Solution,GCPS01,8809046298639,,3304.99.1000,AWS POWER SOLUTION (Anti-Wrinkle Solution),AWS,2ml x 10 vials,Box,21.3,
USD,GENOSYS Peeling & Solution,GCPS02,8809046298653,,3304.99.1000,SWS POWER SOLUTION (Whitening Solution),SWS,2ml x 10 vials,Box,21.3,
USD,GENOSYS Peeling & Solution,GCPS03,8809046298660,,3304.99.1000,PCS POWER SOLUTION (Problem Control Solution),PCS,2ml x 10 vials,Box,21.3,
USD,GENOSYS Peeling & Solution,GCPS05,8809046298677,,3304.99.1000,"CTS POWER SOLUTION (Anti-Scar, Regeneration)",CTS,2ml x 10 vials,Box,21.3,
USD,GENOSYS Peeling & Solution,GCPS04,8809046298646,,3304.99.1000,"CVS POWER SOLUTION (Protection, Nutrition )",CVS,2ml x 10 vials,Box,21.3,
USD,GENOSYS Peeling & Solution,GCPS06,8809392231823,,3304.99.1000,"HA Volume Enhancing Solution (Anti redness, Instant Plumping)",HES,2ml x 10 vials,Box,21.3,
USD,GENOSYS Bio-Meso,GCAP02,8809849808189,,3304.99.1000,BIO-MESO PDRN EXPERT AMPOULE 60000,PEA,3ml * 4ea,Pcs,23,
USD,GENOSYS Bio-Meso,GCAP01,8809849808110,,3304.99.1000,BIO-MESO PDRN HOMECARE AMPOULE 5000,PHA,50ml,Pcs,9.3,
USD,GENOSYS Bio-Meso,GCSE13,8809579274704,,3304.99.1000,Multi Functional Anti-Wrinkle Serum,MFS Serum,30ml,Pcs,10.4,
USD,GENOSYS Bio-Meso,GCSE14,8809639178614,,3304.99.1000,MULTI VITA RADIANCE SERUM,MVS Serum,30ml,Pcs,10.9,
USD,GENOSYS Bio-Meso,GCSE03,8809205624873,,3304.99.1000,Problem Control Serum,PCS Serum,30ml,Pcs,10.4,
USD,GENOSYS Bio-Meso,GCSE17,8809639178775,,3304.99.1000,MOISTURE REPLENISHING HYALURON SERUM,MHS Serum,30ml,Pcs,10.9,
USD,GENOSYS Bio-Meso,GCSE05,8809392232035,,3304.99.1000,All for Sensitive Serum,AFS Serum,30ml,Pcs,10.4,
USD,GENOSYS Creams,GCCR01,8809205624866,,3304.99.1000,Hydro Soothing Cream,HSC,50g,Pcs,8.7,
USD,GENOSYS Creams,GCCR04,8809392231175,,3304.99.1000,Hydro Soothing Cream,,250g,Pcs,14.7,
USD,GENOSYS Creams,GCCR33,8809579274537,,3304.99.1000,Multi Functional Anti-Wrinkle Cream,MFC,50g,Pcs,9.3,
USD,GENOSYS Creams,GCCR34,8809392231199,,3304.99.1000,Multi Functional Cream,,250g,Pcs,15.8,
USD,GENOSYS Creams,GCCR44,8800250592247,,3304.99.1000,Problem Control Cream,PCC,50g,Pcs,8.7,
USD,GENOSYS Creams,GCCR45,8800250592254,,3304.99.1000,Problem Control Cream,,250g,Pcs,14.7,
USD,GENOSYS Creams,GCCR30,8809518824212,,3304.99.1000,Multi Vita Radiance Cream (Skin Brightening & Tone Refining Cream),MVC,50g,Pcs,9.8,
USD,GENOSYS Creams,GCCR31,8809518824229,,3304.99.1000,Multi Vita Radiance Cream (Skin Brightening & Tone Refining Cream),,230g,Pcs,16,
USD,GENOSYS Creams,GCCR39,8809639178799,,3304.99.1000,MOISTURE REPLENISHING HYALURON CREAM,MHC,50g,Pcs,9.3,
USD,GENOSYS Creams,GCCR40,8809639178782,,3304.99.1000,MOISTURE REPLENISHING HYALURON CREAM,MHC,250g,Pcs,15.8,
USD,GENOSYS Creams,GCCR23,8809392232066,,3304.99.1000,Skin Barrier Protecting Cream,SPC,100g,Pcs,17.5,
USD,GENOSYS Creams,GCCR09,8809205627386,,3304.99.1000,Multi Sun Cream (SPF40 PA++),MSC,40g,Pcs,6.5,
USD,GENOSYS Creams,GCCR37,8809849803436,,3304.99.1000,ULTRA SHIELD SUN CREAM (SPF50+ PA++++),USC,50g,Pcs,9.3,
USD,GENOSYS Creams,GCCR08,8809205624880,,3304.99.1000,Blemish Blalm Cream,BBC,50g,Pcs,8.2,
USD,GENOSYS Creams,GCCR46,8809783013113,,3304.99.1000,REVITA GLOW BB CREAM #01 BRIGHT,VBC,50g,Pcs,8.2,
USD,GENOSYS Creams,GCCR47,8809783013120,,3304.99.1000,REVITA GLOW BB CREAM #02 NATURAL,VBC,50g,Pcs,8.2,
USD,GENOSYS Creams,GMCR01,8800065000401,,,REVITA GLOW BB CREAM PUFF SET (2pcs / pouch),-,2 puffs x 10 pouches,Box,18,* This product is exempt from the grant amount for FOC.
USD,GENOSYS Creams,GCCR07,8809046298684,,3304.99.1000,SOOTHING REPAIR POSTCREAM,SRP,20g *12pcs,Box,54.5,
USD,GENOSYS Creams,GCCR43,8809367898143,,3304.99.1000,SOOTHING REPAIR POSTCREAM,SRP,100g,Pcs,14.3,
USD,GENOSYS Mist,GCMI02,8809579274520,,3304.99.1000,MICROBIOME ENERGY INFUSING MIST,MEM,80ml,Pcs,5.4,
USD,Enzyme Peeling,GCEX01,8809567929142,,3304.99.1000,EPI Turnover Boosting Peeling Gel (Cellulose + Enzyme Peel),EPG,100g,Pcs,6,
USD,GENOSYS CUSHION,GCFO01,8809639176351,,3304.99.1000,Cushion + Refill / Color: #01 IVORY,CBC,"Cushion 15g x 1ea, Refill 15g x 1ea",Box,14,* This product is exempt from the grant amount for FOC.
USD,GENOSYS CUSHION,GCFO02,8809639176368,,3304.99.1000,Cushion + Refill / Color: #02 BEIGE,CBC,"Cushion 15g x 1ea, Refill 15g x 1ea",Box,14,
USD,GENOSYS CUSHION,GCFO03,8800250590366,,3304.99.1000,Cushion + Refill / Color: #03 CAMEL,CBC,"Cushion 15g x 1ea, Refill 15g x 1ea",Box,14,
USD,GENOSYS CUSHION,GCFO04,8800250591554,,3304.99.1000,SKIN CARING BLEMISH BALM CUSHION REFILL #01 IVORY,CBC,Refill Only / Color: #01 Ivory,Pcs,7,
USD,GENOSYS CUSHION,GCFO05,8800250590427,,3304.99.1000,SKIN CARING BLEMISH BALM CUSHION REFILL #02 BEIGE,CBC,Refill Only / Color: #02 BEIGE,Pcs,7,
USD,GENOSYS CUSHION,GCFO06,8800250590458,,3304.99.1000,SKIN CARING BLEMISH BALM CUSHION REFILL #03 CAMEL,CBC,Refill Only / Color: #03 CAMEL,Pcs,7,
USD,GENOSYS CUSHION,GMFO01,8800065000364,,,SKIN CARING BLEMISH BALM CUSHION PUFF SET (2pcs / pouch),,2 puffs x 10 pouches,Box,17,
USD,SNOWCELL Treatment,GCSN00,8809046297632,,3304.99.1000,Snowcell Whitening Kit,SNOWCELL,"WSA(50ml) x 1, EZP(7g) x 1, WRS(10ml) x 4, Spoon x 1, Dropper x 1",Box,30.5,
USD,Eyecell Treatment,GCEC01,8809579273967,,3304.99.1000,Eye Peptide Gel Patch(EGP),EGP,98g * 1pcs,Box,12,
USD,Eyecell Treatment,GCEC02,8809046298011,,3304.99.1000,Eye Contour Serum(ECS),ECS,10ml * 1pcs,Box,12,
USD,Eyecell Treatment,GCEC03,8809046298028,,3304.99.1000,Eye Contour Cream(ECC),ECC,20g * 1pcs,Box,13.1,
USD,Eyecell Treatment,GCEC00,8809046298035,,3304.99.1000,EYECELL Kit,Eye Cell Kit,Eye Cream x 1 Eye Serum x 1 Eye Patch x 1 Eye Roller x 1 Spoon x 1,Box,36,
USD,NDCell Treatment - Neck & Decollete,GCNC02,8809046299964,,3304.99.1000,NDCell Anti-Wrinkle Cream,NWC,50g,Pcs,12,
USD,GENOSYS Hr3 Treatment - Hair Regrowth Treatment,GAHR01,8809392232271,,8516.32.0000,HAIRGEN BOOSTER,,1 set,Pcs,160,Recommended clinic price is 500$
USD,GENOSYS Hr3 Treatment - Hair Regrowth Treatment,CCVS03,8809392232240,,9019.10.2000,HAIRSTAMP FOR HAIRGEN BOOSTER,HST,8 pcs of hairstamp,Box,28,
USD,GENOSYS Hr3 Treatment - Hair Regrowth Treatment,GCHR18,8809518823871,,3304.99.1000,HR3 MATRIX Hair Solution alpha (Solution only),CHS - 1,4ml x 8 vials,Box,26.9,
USD,GENOSYS Hr3 Treatment - Hair Regrowth Treatment,GCHR15,8809518824038,,3304.99.1000,HR3 MATRIX Hair Solution alpha Homecare Kit,CHS,"4ml x 8 vials, 1 Applicator",Box,32,
USD,GENOSYS Hr3 Treatment - Hair Regrowth Treatment,GCHR13,8809518826469,,3304.99.1000,HR3 MATRIX Scalp peeling alpha,CSP,100ml,Pcs,9.3,
USD,GENOSYS Hr3 Treatment - Hair Regrowth Treatment,GCHR12,8809579273929,,3304.99.1000,HR3 MATRIX Hair Tonic alpha,CHT,70ml,Pcs,9.8,
USD,GENOSYS Hr3 Treatment - Hair Regrowth Treatment,GCHR20,8809954947704,,3304.99.1000,GENOSYS HR³ MATRIX MEDI SCALP SHAMPOO α,CSS,300ml,Pcs,10.9,
USD,GENOSYS Hr3 Treatment - Hair Regrowth Treatment,GCHR05,8809187041125,,3304.99.1000,HR3 MATRIX MESOPECIA KIT (with Stamp),HR3 MATRIX KIT (ST),"0.50mm Stamp x 1, CHS -1 x 6 vials, CSP x 1, Dropper x 2",Box,38,
USD,GENOSYS Hr3 Treatment - Hair Regrowth Treatment,GCHR14,8808033020260,,3304.99.1000,HR³ MATRIX CARBOXY SCALP REFRESHER ALPHA,CSR,200ml,Pcs,7,THIS ITEM REQUIRES SPECIAL PACKAGING AS IT IS AN AEROSOL(DANGEROUS GOODS)
USD,GENOSYS Hr3 Treatment - Hair Regrowth Treatment,GMHR02,8800065000357,,,HR³ MATRIX SCALP BRUSH,,1pcs,Pcs,2.2,* This product is exempt from the grant amount for FOC. NEW
USD,Automatic Needling Device,GRDF05,8809392232318,,9019.10.2000,NEEDLE PEN-K KIT,1 pcs,1 pcs,Box,150,
USD,Automatic Needling Device,GRDF-ND06,8809392232332,,9019.10.2000,NEEDLE PEN-K NEEDLE CARTRIDGE,10 pcs,10 pcs,Box,43,
Marketing,GENOSYS Brochure,GMBR07,,,,GENOSYS Roller Leaflet (Foled) — GENOSYS Roller General Leaflet (Size: H 185mm x W 100mm ),,1 Paper (6 pages),Pcs,0.2,Paper
Marketing,GENOSYS Brochure,GMBR09,,,,GENOSYS Facial Treatment Leaflet (Folded) — GENOSYS Facial Treatment items Leaflet (Size: H 170mm x W 128mm ),,1 Paper (8 pages),Pcs,0.2,Paper
Marketing,GENOSYS Brochure,GMBR10,,,,GENOSYS Eyecell Kit Leaflet (Folded) — GENOSYS Eyecell Kit Leaflet (Size: H 170 x W 128mm),,1 Paper (4 pages),Pcs,0.2,Paper
Marketing,GENOSYS Brochure,GMBR11,,,,GENOSYS HR3 MATRIX Leaflet (Folded) — GENOSYS HR3 MATRIX Kit Leaflet (Size: H 170 x W 130mm),,1 Paper (4 pages),Pcs,0.2,Paper
Marketing,GENOSYS Brochure,GMBR13,,,,GENOSYS NDCell Leaflet (Folded) — GENOSYS NDCell Leaflet (Size: H 170 x W 127mm),,1 Paper (4 pages),Pcs,0.2,Paper
Marketing,GENOSYS Brochure,GMBR32,,,,GENOSYS NEEDLE PEN-K Leaflet (Folded) — GENOSYS NEDLE PEN-K Leaflet (Size: H 210mm x W 297mm ),,1 Paper (2 pages),Pcs,0.2,Paper
Marketing,GENOSYS X-Banner,GMBN02,,,,GENOSYS POWER SOLUTION X-Banner — GENOSYS POWER SOLUTION X-Banner (Size: H1800mm x W 600mm),,Banner x 1EA Holder x 1EA,Pcs,40,Pet
Marketing,GENOSYS X-Banner,GMBN03,,,,GENOSYS ROLLER & DERMAFIX X-Banner — GENOSYS ROLLER & DERMAFIX X-Banner (Size: H1800mm x W 600mm),,Banner x 1EA Holder x 1EA,Pcs,40,Pet
Marketing,GENOSYS X-Banner,GMBN04,,,,GENOSYS EyeCell X-Banner — GENOSYS EyeCell X-Banner (Size: H1800mm x W 600mm),,Banner x 1EA Holder x 1EA,Pcs,40,Pet
Marketing,GENOSYS X-Banner,GMBN05,,,,GENOSYS HR3 MATRIX X-Banner — GENOSYS HR3 MATRIX X-Banner (Size: H1800mm x W 600mm),,Banner x 1EA Holder x 1EA,Pcs,40,Pet
Marketing,GENOSYS X-Banner,GMBN07,,,,GENOSYS NDCell X-Banner — GENOSYS NDCell X-Banner (Size: H1800mm x W 600mm),,Banner x 1EA Holder x 1EA,Pcs,40,Pet
Marketing,GENOSYS X-Banner,GMBN08,,,,GENOSYS HOMECARE X-Banner — GENOSYS HOMECARE X-Banner (Size: H1800mm x W 600mm),,Banner x 1EA Holder x 1EA,Pcs,40,Pet
Marketing,Case,GMCA01,,,,"Roller Storage Case — Case for the roller replacement head (Size: Ф55mm, H: 35mm)",,1 EA,Pcs,0.5,PET
Marketing,Case,GMCA02,,,,Roller Display Case without Roller(s) — Displays case for demonstration purpose (Size: 325 x 355 x 55mm),,1 EA,Pcs,50,acrylic / magnet
Marketing,Cosmetic Cradle,GMCC01,,,,Cosmetic Cradle (L) — Display cradle for cosmetics (Size: 410 x 155 x 270mm),,1 pcs,Pcs,85,acrylic
Marketing,Cosmetic Cradle,GMCC02,,,,Cosmetic Cradle (S) — Display cradle for cosmetics (Size: 220 x 140 x 310mm),,1 pcs,Pcs,23,acrylic
Marketing,Cosmetic Cradle,GMAC12,,,,GENOSYS Packing Tape — OPP Tape (50mm x 50m),,50 pcs,Box,75,OPP Tape
Marketing,Accessary and Bag,GMAC04,,,,GENOSYS Paper Bag (L) — GENOSYS Paper Bag (Size: 430 x 110 x 290mm),,1 pcs,Pcs,1.8,Paper
Marketing,Accessary and Bag,GMAC06,,,,GENOSYS Paper Bag (S) — GENOSYS Paper Bag (Size: 220 x 100 x 300mm),,1 pcs,Pcs,2.1,Paper
Marketing,Accessary and Bag,GMAC05,,,,GENOSYS Non Woven Bag (S) — GENOSYS NON-WOVEN BAG(SMALL) (Size: 300 x 330 x 100mm),,1 pcs,Pcs,0.7,Non-woven
Marketing,Accessary and Bag,GMAC07,,,,Pen — Tricolor Touch Pen with GENOSYS LOGO (100pcs),,100 pcs,Pouch,40,Black Ink
Marketing,Accessary and Bag,GMCP01,,,,GENOSYS Cosmetic Pouch — GENOSYS Travel Pouch (Size: 200 * 145mm),,1 pcs,Pcs,3.5,Plastic
Marketing,Accessary and Bag,GCCR00R05,,,,GENOSYS SAMPLE Pouch — GENOSYS Travel Pouch (Size: 265 * 190mm),,100 pcs,Pcs,65,PVC
Marketing,Accessary and Bag,GCHD00R07,,,,GENOSYS Compact Mirror — GENOSYS Compact Mirror (Size: 66*66*10mm),,1 pcs,Pcs,2.4,
Marketing,Dropper and Supply,GMDR01,,,,Dropper(s) — Individually sealed and sterilized Dropper for GENOSYS Solutions,,5 pcs,Pack,1,PE
Marketing,Dropper and Supply,GMHR01,,,,"Cotton Swab — Cotton Swab x12ea, Glass cylinder 1ea",,1 set,Set,1,PE
Marketing,Bed Blanket,GMUN11,,,,GENOSYS Bed Blanket — GENOSYS Bed Blanket (Size: 140*220cm),,1 pcs,Pcs,47,Cotton
Marketing,Uniform,GMUN01,,,,"Aesthetician Uniform — GENOSYS Aesthetic Uniform (Size: L, M, S)",,1 pcs,Pcs,50,polyester / etc.
Marketing,Uniform,GMUN04,,,,"Physician Uniform — GENOSYS Physician Uniform (Size: L, M, S)",,1 pcs,Pcs,55,polyester / etc.
Marketing,Uniform,GMUN07,,,,Hair Turban — GENOSYS Hair Turban,,1 pcs,Pcs,6,Cotton
Marketing,Training Certificate,GMTC01,,,,Training Certificate (Paper Only) — GENOSYS Training Certificate (Paper only),,1 pcs,Pcs,0.3,Paper
Marketing,Training Certificate,GMTC02,,,,Training Certificate (With Hard case) — GENOSYS Training Certificate (With Hard case),,1 pcs,Pcs,1.7,Paper / etc.
Marketing,Promotional Cosmetic Products,GCTK01,,,,Trial Kit — GENOSYS Trial Kit,,"Power Solution (HES, CVS, PCS x 1) Peptide Gel Maskx1 EZ CO2 Mask x1 Ultra Shield Sun Cream 4g x1 Soothing Repair Postcream 20g x1",Box,13,-
Marketing,Promotional Cosmetic Products,GCCL03,,,,SOC (4g) — GENOSYS SNOW O2,,4g * 30 pcs,Box,35,Airless
Marketing,Promotional Cosmetic Products,GCCR38,,,,USC(4g) — GENOSYS ULTRA SHIELD SUN CREAMCREAM (4gx50pcs),,4g * 50 pcs,Box,56,Tube
Marketing,Promotional Cosmetic Products,GCCR11,,,,MSC (4g) — GENOSYS MULTI SUN CREAM,,4g * 50 pcs,Box,25,Tube
Marketing,Promotional Cosmetic Products,GCCR42,,,,BBC (2g) — GENOSYS INTENSIVE BLEMISH BALM CREAM (2gx50pcs),,2g * 50 pcs,Box,25,Pouch
Marketing,Promotional Cosmetic Products,GCCR48,,,,VBC (2g) — GENOSYS REVITA GLOW BB CREAM #01 BRIGHT,,2g * 50 pcs,Pouch,40,Pouch
Marketing,Promotional Cosmetic Products,GCCR49,,,,VBC (2g) — GENOSYS REVITA GLOW BB CREAM / Color: #02 NATURAL,,2g * 50 pcs,Pouch,40,Pouch
Marketing,Promotional Cosmetic Products,GCCR20,,,,HSC (2g) — GENOSYS INTENSIVE HYDRO SOOTHING CREAM,,2g * 100 pcs,Box,34,Pouch
Marketing,Promotional Cosmetic Products,GCCR22,,,,PCC (2g) — GENOSYS INTENSIVE PROBLEM CONTROL CREAM,,2g * 50 pcs,Box,23,Pouch
Marketing,Promotional Cosmetic Products,GCCR32,,,,MVC(2g) — GENOSYS MULTI VITA RADIANCE CREAM (2gx100pcs),,2g * 100 pcs,Box,35,Pouch
Marketing,Promotional Cosmetic Products,GCSP-CB01,,,,MFS (2g) + MFC (2g) — GENOSYS MULTI ANTI-WRINKLE SERUM + GENOSYS MULTI ANTI-WRINKLE CREAM,,(MFC 2g + MFS 2g) * 50 pcs,Box,35,Pouch
Marketing,Promotional Cosmetic Products,GCCR36,,,,SRP(1g) — GENOSYS SOOTHING REPAIR POSTCREAM (1gx50pcs),,1g * 50 pcs,Box,25,Pouch
Marketing,Promotional Cosmetic Products,GCEC04,,,,ECC(2g) — GENOSYS EyeCell EYE CONTOUR CREAM,,2g * 100 pcs,Box,90,Pouch
Marketing,Promotional Cosmetic Products,GCSE10,,,,AFS(2ml) — GENOSYS ALL FOR SENSITIVE (2mlx100pcs),,2g * 100 pcs,Pouch,35,Pouch
Marketing,Promotional Cosmetic Products,GCSE18,,,,MHS(2ml) — GENOSYS MOISTURE REPLENISHING HYALURON SERUM (2mlx100pcs),,2ml * 100 pcs,Box,36,Pouch
Marketing,Promotional Cosmetic Products,GCSE16,,,,MVS(2ml) — GENOSYS MULTI VITA RADIANCE SERUM (2mlx100pcs),,2ml * 100 pcs,Box,36,Pouch
Marketing,Promotional Cosmetic Products,GCCR41,,,,MHC(2g) — GENOSYS MOISTURE REPLENISHING HYALURON CREAM (2gx100pcs),,2g * 100 pcs,Box,35,Pouch
Marketing,Promotional Cosmetic Products,GCCR24,,,,SPC (2g) — GENOSYS SKIN BARRIER PROTECTING CREAM,,2g * 100 pcs,Box,42,Pouch
Marketing,Promotional Cosmetic Products,GCEX02,,,,EPG(2g) — GENOSYS EPI TURNOVER BOOSTING PEELING GEL (2gx50pcs),,2g * 50 pcs,Box,20,Pouch
Marketing,Promotional Cosmetic Products,GCMA12,,,,ROM(2g) — GENOSYS SKIN RESCUE OVERNIGHT CREAM MASK (2gx50pcs),,2g * 50 pcs,Box,24,Pouch
Marketing,Promotional Cosmetic Products,GCHR21,,,,CSS (30mL) — GENOSYS HR3 MATRIX MEDI SCALP SHAMPOO α (30ml),,30ml,Pcs,1.6,Container
LED,GENO-LED IR,GMPS05,,,,"GENO-LED IR II — 5 wavelengths (423/532/583/640/830nm); 1,145 LEDs; device+eyeshield+adaptor",,1 device,box,630 (1-4u) / 580 (5-9u) / 525 (10u+),Tiered PO pricing
HAIR-GENTRON,HOUSEHOLD ELECTRICAL APPLIANCES,HGHY01,,,,Hair Gentron ( 5V ~ 6V DC),,1 pcs,box,200,
HAIR-GENTRON,HOUSEHOLD ELECTRICAL APPLIANCES,HGHY02,,,,Non-woven sanitary band for HAIR GENTRON (50pcs/box),,50pcs,box,10,
