row,category,product,description,quantity_or_spec,unit,price_aed
9,"GENOSYS Detachable Manual/Vibrating Roller (Head part is detachable, handle is autoclavable)",Standard/Narrow Detachable Manual Roller,"Needle length: 0.25, 0.50, 1.00, 1.50, 2.00mm",1pcs,Pcs,115
11,"GENOSYS Detachable Manual/Vibrating Roller (Head part is detachable, handle is autoclavable)",Vibrating Roller,"Needle length: 0.25, 0.50, 1.00, 1.50, 2.00mm",1pcs,Pcs,205
14,"GENOSYS Stamp (Stamp, handle is not detachable)",Stamp,"Needle length: 0.25, 0.50, 1.00, 1.50mm",1pcs,Pcs,100
16,"GENOSYS Stamp (Stamp, handle is not detachable)",Eye Roller,Needle Length: 0.25mm,2pcs in a box,Box,105
18,"GENOSYS Stamp (Stamp, handle is not detachable)",Standard/Narrow Manual Roller,"Needle length: 0.25, 0.50, 1.00, 1.50, 2.00mm",1pcs,Pcs,105
21,GENOSYS Cosmetics,CERABARRIER BIOME GEL CLEANSER,Daily biome gel cleanser / Personal use,200ml,Pcs,190
23,GENOSYS Cosmetics,CERABARRIER BIOME GEL CLEANSER,Professional biome gel cleanser,600ml,Pcs,310
26,GENOSYS Bio Meso PDRN,BIO-MESO PDRN Homecare Ampoule 5000,Homecare BIO-MESO™ PDRN ampoule,50ml,Pcs,150
28,GENOSYS Bio Meso PDRN,BIO-MESO PDRN Expert Ampoule 60000,Expert bio-meso treatment ampoule · professional,3ml x 4 ampoules,Box,300
33,GENOSYS Mask,EZ CO₂ MASK,C02 Mask Kit,"20g tube x 5
12g sheet x 5",Box,230
35,GENOSYS Mask,INTENSIVE REPAIR COLLAGEN MASK,Intensive repair Collagen Mask,23g sheet,Pcs,18
37,GENOSYS Mask,SOOTHING BOMB SEA ALGAE MASK,Soothing Bomb Sea Algae Mask,23g sheet,Pcs,18
38,GENOSYS Mask,PEPTIDE GEL MASK,Peptide Gel Mask,39g sheet x 5,Box,190
40,GENOSYS Mask,BIO-FERMENT AGE DEFYING POWDER MASK,Bio-Ferment Age Defying Powder Mask,300g,Pcs,125
41,GENOSYS Mask,SKIN REBOOT PDRN MASK PACK,Skin Reboot PDRN Mask,350g (30 sheets),Pcs,200
42,GENOSYS Mask,HYDRO COOL MODELING MASK,Modelling Mask,1 KG,Pcs,300
45,GENOSYS  Peeling & Power Solution,SKIN RENEWAL PEELING SYSTEM (SRS),Soft Peeling,2ml * 10 vials,Box,405
47,GENOSYS  Peeling & Power Solution,POWER SOLUTION AWS,Anti-Wrinkle Solution,2ml * 10 vials,Box,290
49,GENOSYS  Peeling & Power Solution,POWER SOLUTION SWS,Skin Whitening Solution,2ml * 10 vials,Box,290
51,GENOSYS  Peeling & Power Solution,POWER SOLUTION PCS,Problem Control Solution,2ml * 10 vials,Box,290
53,GENOSYS  Peeling & Power Solution,POWER SOLUTION CVS,"Protection, Nutrition Solution",2ml * 10 vials,Box,290
55,GENOSYS  Peeling & Power Solution,POWER SOLUTION CTS,"Anti-Scar, Regeneration Solution",2ml * 10 vials,Box,290
57,GENOSYS  Peeling & Power Solution,POWER SOLUTION HES,"Anti redness, Instant Plumping Solution",2ml * 10 vials,Box,290
69,GENOSYS CLEANSER,SNOW O₂,Daily Bubble form Cleanser / Personal use,180ml,Pcs,165
71,GENOSYS CLEANSER,SNOW O₂,Professional Bubble form Cleanser,500ml,Pcs,255
74,GENOSYS TONER,SNOW BOOSTER,Daily Skin Toner / Personal use,200ml,Pcs,130
76,GENOSYS TONER,SNOW BOOSTER,Professional Skin Toner,1000ml,Pcs,245
78,GENOSYS TONER,PROBLEM CONTROL TONER,Daily Problem Control Toner / Personal use,200ml,Pcs,130
79,GENOSYS TONER,PROBLEM CONTROL TONER,Professional Problem Control Toner,500ml,Pcs,245
81,GENOSYS MAKEUP REMOVER,SKIN DEFENDER LIP & EYE MAKEUP REMOVER,Professional Make-up Remover for lip and eyes,200ml,Pcs,145
84,GENOSYS CREAM,SKIN RESCUE OVERNIGHT CREAM MASK,Skin Rescue Overnight Cream Mask,100g,Pcs,170
86,GENOSYS CREAM,MULTI FUNCTIONAL ANTI-WRINKLE                 CREAM,Multi Functional Anti-Wrinkle Cream/ Personal,50g,Pcs,145
87,GENOSYS CREAM,MULTI FUNCTIONAL ANTI-WRINKLE                 CREAM,Multi Functional Anti-Wrinkle Cream/ Professional,250g,Pcs,210
88,GENOSYS CREAM,INTENSIVE HYDRO SOOTHING                         CREAM,Daily Hydrating & Soothing Cream/ Personal,50g,Pcs,145
90,GENOSYS CREAM,INTENSIVE HYDRO SOOTHING                         CREAM,Daily Hydrating & Soothing Cream/ Professional,250g,Pcs,210
92,GENOSYS CREAM,MOISTURE REPLENISHING HYALURON           CREAM,Daily Replenishing Hyaluron Cream/ Personal,50g,PCs,145
93,GENOSYS CREAM,MOISTURE REPLENISHING HYALURON           CREAM,Daily Replenishing Hyaluron Cream/ Professional,250g,Pcs,210
95,GENOSYS CREAM,INTENSIVE MULTI FUNCTIONAL CREAM,Anti-Wrinkle & Skin Brightening Cream/ Professional,250g,Pcs,210
97,GENOSYS CREAM,INTENSIVE PROBLEM CONTROL                      CREAM,Daily Problem Control Cream/ Personal,50g,Pcs,145
99,GENOSYS CREAM,INTENSIVE PROBLEM CONTROL                      CREAM,Problem Control Cream/ Professional,250g,Pcs,210
101,GENOSYS CREAM,MULTI VITA RADIANCE                                       CREAM,Multi Vita Radiance cream/ Personal,50g,Pcs,145
102,GENOSYS CREAM,MULTI VITA RADIANCE                                       CREAM,Multi Vita Radiance cream/ Professional,230g,Pcs,210
103,GENOSYS CREAM,SKIN BARRIER PROTECTING CREAM,Soothing & Relieving Cream/ Professional,100g,Pcs,225
105,GENOSYS CREAM,SOOTHING REPAIR POSTCREAM,Postcream after Treatment/ Personal,20g,Pcs,102
108,GENOSYS CREAM,SOOTHING REPAIR POSTCREAM,Postcream after Treatment/ Professional,100g,,220
109,GENOSYS CREAM,INTENSIVE BLEMISH BALM CREAM,Blemish Cover Cream (SPF30 PA++),50g,Pcs,125
111,GENOSYS CREAM,MULTI SUN CREAM,Sun Protector (SPF40 PA++),40g,Pcs,105
113,GENOSYS CREAM,ULTRA SHIELD SUN CREAM,Sun Protector SPF50/PA++++ 50g,40g,Pcs,125
114,GENOSYS CREAM,EPI TURNOVER BOOSTING PEELING GEL,Mild Enzyme Peeling Gel,100g,Pcs,125
116,GENOSYS CREAM,MICROBIOME ENERGY INFUSING MIST,Daily Revitalizing Mist,80ml,Box,80
117,GENOSYS CREAM,REVITA GLOW BB CREAM #01 BRIGHT,"Blemish coverage, glow, and sun protection SPF 38 PA+++",50g,Pcs,125
118,GENOSYS CREAM,REVITA GLOW BB CREAM #02 NATURAL,"Blemish coverage, glow, and sun protection SPF 38 PA+++",50g,Pcs,125
131,GENOSYS Cosmetics - Daily Serum,MULTI FUNCTIONAL ANTI-WRINKLE SERUM,Daily Anti-Wrinkle Serum,30ml,Pcs,165
132,GENOSYS Cosmetics - Daily Serum,MULTI VITA RADIANCE SERUM,Daily Skin Radiance Serum,30ml,Pcs,165
133,GENOSYS Cosmetics - Daily Serum,MOISTURE REPLENISHING HYALURON SERUM,Daily Skin Replenishing Serum,30ml,Pcs,165
134,GENOSYS Cosmetics - Daily Serum,PROBLEM CONTROL SERUM,Daily Problem Control Serum,30ml,Pcs,165
135,GENOSYS Cosmetics - Daily Serum,ALL FOR SENSITIVE SERUM,Daily Sensitive Skin Care Serum,30ml,Pcs,165
138,GENOSYS Cosmetics - CUSHION,CUSHION: IVORY,Cushion + Refiller / Color: #01 IVORY,"Cushion 15g x 1ea, Refiller 15g x 1ea",Pcs,150
140,GENOSYS Cosmetics - CUSHION,CUSHION: BIEGE,Cushion + Refiller / Color: #02 BEIGE,"Cushion 15g x 1ea, Refiller 15g x 1ea",Pcs,150
141,GENOSYS Cosmetics - CUSHION,CUSHION: CAMEL,Cushion + Refiller / Color: #03 CAMEL,"Cushion 15g x 1ea, Refiller 15g x 1ea",Pcs,150
151,GENOSYS Cosmetics - HAIR,HR³ MATRIX HAIR SOLUTION,Hair Solution,5ml * 8pcs,Box,370
153,GENOSYS Cosmetics - HAIR,HR³ MATRIX SCALP PEELING ALPHA,Scalp Peeling,100ml,Pcs,145
155,GENOSYS Cosmetics - HAIR,HR³ MATRIX HAIR TONIC,Daily Hair Tonic,70ml,Pcs,145
157,GENOSYS Cosmetics - HAIR,HR³ MATRIX SCALP & HAIR SHAMPOO,Daily Hair Shampoo,300ml,Pcs,170
159,GENOSYS Cosmetics - HAIR,"HR³ MATRIX MESOPECIA KIT
(Stamp/Roller)",The Mesopecia system for hair & scalp,"Stamp 0.50mm x 1
CHS -1 x 6
CSP x 1
Dropper x 2",Box,550
161,GENOSYS Cosmetics - HAIR,HR³ MATRIX HAIR SOLUTION α  (Homecare),The Mesopecia system for hair & scalp,Hair Solution x 8ea / Applicator x 1ea / Cleansing Brush x 1ea / Disinfecting Jar x 1ea,Box,450
164,GENOSYS Cosmetics - EYE,EYE PEPTIDE GEL PATCH,Eye Gel Patch,98g (60 pcs),Pcs,190
166,GENOSYS Cosmetics - EYE,EyeCell EYE CONTOUR SERUM,Eye Serum,10ml,Pcs,185
168,GENOSYS Cosmetics - EYE,EyeCell EYE CONTOUR CREAM,Eye Cream,20g,Pcs,185
170,GENOSYS Cosmetics - EYE,"EyeCell COSMECEUTICAL
EYE ZONE CARE KIT",Eye zone care Kit,"Eye Cream x 1
Eye Serum x 1
Eye Patch x 1
Eye Roller x 1",Box,490
173,GENOSYS Cosmetics - ND CELL Treatment - Neck&Decollete,ND Cell Anti-Wrinkle Cream,ND Cell Anti-Wrinkle Cream,50g,Pcs,185
185,GENOSYS Cosmetics - KIT BOX,Starter Kit,GENOSYS Starter Kit,"Power solution
(AWS, SWS, PCS x 1)
Peptide Gel Mask x 1
EZ CO2 Mask  x 1
Muliti Sun Cream x1",Box,170
189,GENOSYS DERMAFIX,NEEDLE PEN-K KIT,"DERMAFIX PREMIUM HANDLE
DERMAFIX PREMIUM NEEDLE","Handle x 1
Needle x 2
Adaptor x 1",Box,1450
191,GENOSYS DERMAFIX,NEEDLE PEN-K NEEDLE CARTRIDGE (10 PCS),DERMAFIX PREMIUM NEEDLE SHORT (10 PCS),10pcs,Box,N/A
205,GENOSYS DERMAFIX,Genosys GENO-LED,4 Colours:                                                                                         Red - 640nm Blue - 423nm  Green - 532nm            Yellow- 583nm,"Weight: 2.5kg (product )  3.5kg (with outer box). Components:1 DEVICE, 1 EYESHIELD, 1 ADAPTOR, 1 DEVICE BOX.",Box,5500
211,GENOSYS DERMAFIX,Genosys GENTRON,Hair Gentron ( 5V ~ 6V  DC),1 pcs,Box,3300
217,GENOSYS DERMAFIX,Genosys Hairgen Booster,2 Colours:                                                                                         Red - 640nm Blue - 423nm,1 pcs,Box,1800
218,GENOSYS DERMAFIX,Genosys Hairstamp for Hairgen Booster,8 pcs of hairstamp,1 pcs,Box,370
229,GENOSYS X-Banner,"GENOSYS
POWER SOLUTION X-Banner",GENOSYS POWER SOLUTION X-Banner                    (Size: H1800mm x W 600mm),"Banner x 1EA
Holder x 1EA",Pcs,325
231,GENOSYS X-Banner,"GENOSYS ROLLER & DERMAFIX
 X-Banner",GENOSYS ROLLER & DERMAFIX X-Banner                (Size: H1800mm x W 600mm),"Banner x 1EA
Holder x 1EA",Pcs,325
233,GENOSYS X-Banner,GENOSYS EyeCell X-Banner,GENOSYS EyeCell X-Banner                                 (Size: H1800mm x W 600mm),"Banner x 1EA
Holder x 1EA",Pcs,325
235,GENOSYS X-Banner,"GENOSYS
HR3 MATRIX X-Banner",GENOSYS HR3 MATRIX X-Banner                         (Size: H1800mm x W 600mm),"Banner x 1EA
Holder x 1EA",Pcs,325
237,GENOSYS X-Banner,"GENOSYS Bodycell
X-Banner",GENOSYS Bodycell X-Banner                            (Size: H1800mm x W 600mm),"Banner x 1EA
Holder x 1EA",Pcs,325
239,GENOSYS X-Banner,"GENOSYS NDCell
X-Banner",GENOSYS NDCell X-Banner                                    (Size: H1800mm x W 600mm),"Banner x 1EA
Holder x 1EA",Pcs,325
241,GENOSYS X-Banner,"GENOSYS HOMECARE
X-Banner",GENOSYS HOMECARE X-Banner                          (Size: H1800mm x W 600mm),"Banner x 1EA
Holder x 1EA",Pcs,325
243,GENOSYS X-Banner,"GENOSYS DERMAPEEL
X-Banner",GENOSYS DERMAPEEL X-Banner                           (Size: H1800mm x W 600mm),"Banner x 1EA
Holder x 1EA",Pcs,325
246,GENOSYS X-Banner,Roller Storage Case,"Case for the roller replacement head
(Size: Ф55mm, H: 35mm)",1 EA,Pcs,10
249,GENOSYS X-Banner,Cosmetic Cradle (L),Display cradle for cosmetics                                                            (Size: 410 x 157 x 280mm),1 pcs,acrylic,610
251,GENOSYS X-Banner,Cosmetic Cradle (S),Display cradle for cosmetics                                                                 (Size: 220 x 140 x 310mm),1 pcs,acrylic,185
254,GENOSYS X-Banner,Badge,GENOSYS Badge (Size: 30 x 5 mm),1 pcs,Stainless steel,25
256,GENOSYS X-Banner,Key Holder,Roller Disk Key Holder (Size:  Ф30mm),1 pcs,Epoxy resin,10
258,GENOSYS X-Banner,"GENOSYS
Paper Bag (L)",GENOSYS Paper Bag (Size: 430 x 110 x 290mm),1 pcs,Paper,17
260,GENOSYS X-Banner,"GENOSYS
Paper Bag (S)",GENOSYS Paper Bag (Size: 220 x 100 x 300mm),1 pcs,Paper,15
262,GENOSYS X-Banner,Pen,Touch Pen with GENOSYS LOGO (50pcs),50 pcs,Black Ink,165
264,GENOSYS X-Banner,GENOSYS Cosmetic Pouch,GENOSYS Travel Pouch (Size: 200 * 145mm),1 pcs,Plastic,35
267,GENOSYS X-Banner,Dropper(s),Individually sealed and sterilized Dropper for GENOSYS Solutions,5 pcs,PE,10
270,GENOSYS X-Banner,Bed Blanket,GENOSYS Bed Blanket,1 pcs,Cotton,210
273,GENOSYS X-Banner,Aesthetician Uniform,"GENOSYS Aesthetic Uniform (Size: L, M, S)",1 pcs,Polyester,410
275,GENOSYS X-Banner,Physician Uniform,"GENOSYS Physician Uniform (Size: L, M, S)",1 pcs,Polyester,410
277,GENOSYS X-Banner,Hair Turban,GENOSYS Hair Turban,1 pcs,Cotton,50
